PID,Name,PClass,Age,Sex
1,"Allen, Miss Elisabeth Walton",1st,29,female
2,"Allison, Miss Helen Loraine",1st,2,female
3,"Allison, Mr Hudson Joshua Creighton",1st,30,male
4,"Allison, Mrs Hudson JC (Bessie Waldo Daniels)",1st,25,female
5,"Allison, Master Hudson Trevor",1st,0.92,male
6,"Anderson, Mr Harry",1st,47,male
7,"Andrews, Miss Kornelia Theodosia",1st,63,female
8,"Andrews, Mr Thomas, jr",1st,39,male
9,"Appleton, Mrs Edward Dale (Charlotte Lamson)",1st,58,female
10,"Artagaveytia, Mr Ramon",1st,71,male
11,"Astor, Colonel John Jacob",1st,47,male
12,"Astor, Mrs John Jacob (Madeleine Talmadge Force)",1st,19,female
13,"Aubert, Mrs Leontine Pauline",1st,NA,female
14,"Barkworth, Mr Algernon H",1st,NA,male
15,"Baumann, Mr John D",1st,NA,male
16,"Baxter, Mrs James (Helene DeLaudeniere Chaput)",1st,50,female
17,"Baxter, Mr Quigg Edmond",1st,24,male
18,"Beattie, Mr Thomson",1st,36,male
19,"Beckwith, Mr Richard Leonard",1st,37,male
20,"Beckwith, Mrs Richard Leonard (Sallie Monypeny)",1st,47,female
21,"Behr, Mr Karl Howell",1st,26,male
22,"Birnbaum, Mr Jakob",1st,25,male
23,"Bishop, Mr Dickinson H",1st,25,male
24,"Bishop, Mrs Dickinson H (Helen Walton)",1st,19,female
25,"Bjornstrm-Steffansson, Mr Mauritz Hakan",1st,28,male
26,"Blackwell, Mr Stephen Weart",1st,45,male
27,"Blank, Mr Henry",1st,39,male
28,"Bonnell, Miss Caroline",1st,30,female
29,"Bonnell, Miss Elizabeth",1st,58,female
30,"Borebank, Mr John James",1st,NA,male
31,"Bowen, Miss Grace Scott",1st,45,female
32,"Bowerman, Miss Elsie Edith",1st,22,female
33,"Bradley, Mr George",1st,NA,male
34,"Brady, Mr John Bertram",1st,41,male
35,"Brandeis, Mr Emil",1st,48,male
36,"Brewe, Dr Arthur Jackson",1st,NA,male
37,"Brown, Mrs James Joseph (Margaret Molly"" Tobin)""",1st,44,female
38,"Brown, Mrs John Murray (Caroline Lane Lamson)",1st,59,female
39,"Bucknell, Mrs William Robert (Emma Eliza Ward)",1st,60,female
40,"Butt, Major Archibald Willingham",1st,45,male
41,"Calderhead, Mr Edward P",1st,NA,male
42,"Candee, Mrs Edward (Helen Churchill Hungerford)",1st,53,female
43,"Cardeza, Mrs James Warburton Martinez (Charlotte Wardle Drake)",1st,58,female
44,"Cardeza, Mr Thomas Drake Martinez",1st,36,male
45,"Carlsson, Mr Frans Olof",1st,33,male
46,"Carrau, Mr Francisco M",1st,NA,male
47,"Carrau, Mr Jose Pedro",1st,NA,male
48,"Carter, Mr William Ernest",1st,36,male
49,"Carter, Mrs William Ernest (Lucile Polk)",1st,36,female
50,"Carter, Miss Lucile Polk",1st,14,female
51,"Carter, Master William T II",1st,11,male
52,"Case, Mr Howard Brown",1st,49,male
53,"Cassebeer, Mrs Henry Arthur jr (Genevieve Fosdick)",1st,NA,female
54,"Cavendish, Mr Tyrell William",1st,36,male
55,"Cavendish, Mrs Tyrell William Julia Florence Siegel",1st,NA,female
56,"Chaffee, Mr Herbert Fuller",1st,46,male
57,"Chaffee, Mrs Herbert Fuller (Carrie Constance Toogood)",1st,47,female
58,"Chambers, Mr Norman Campbell",1st,27,male
59,"Chambers, Mrs Norman Campbell (Bertha Griggs)",1st,31,female
60,"Cherry, Miss Gladys",1st,NA,female
61,"Chevre, Mr Paul",1st,NA,male
62,"Chibnall (Bowerman), Mrs Edith Martha",1st,NA,female
63,"Chisholm, Mr Roderick Robert",1st,NA,male
64,"Clark, Mr Walter Miller",1st,27,male
65,"Clark, Mrs Walter Miller (Virginia McDowell)",1st,26,female
66,"Clifford, Mr George Quincy",1st,NA,male
67,"Colley, Mr Edward Pomeroy",1st,NA,male
68,"Compton, Mrs Alexander Taylor (Mary Eliza Ingersoll)",1st,64,female
69,"Compton, Mr Alexander Taylor, Jr",1st,37,male
70,"Compton, Miss Sara Rebecca",1st,39,female
71,"Cornell, Mrs Robert Clifford (Malvina Helen Lamson)",1st,55,female
72,"Crafton, Mr John Bertram",1st,NA,male
73,"Crosby, Captain Edward Gifford",1st,70,male
74,"Crosby, Mrs Edward Gifford (Catherine Elizabeth Halstead)",1st,69,female
75,"Crosby, Miss Harriet R",1st,36,female
76,"Cumings, Mr John Bradley",1st,39,male
77,"Cumings, Mrs John Bradley (Florence Briggs Thayer)",1st,38,female
78,"Daly, Mr Peter Denis ",1st,NA,male
79,"Daniel, Mr Robert Williams",1st,27,male
80,"Davidson, Mr Thornton",1st,31,male
81,"Davidson, Mrs Thornton (Orian Hays)",1st,27,female
82,"de Villiers, Madame Berthe",1st,NA,female
83,"Dick, Mr Albert Adrian",1st,31,male
84,"Dick, Mrs Albert Adrian Vera Gillespie",1st,17,female
85,"Dodge, Dr Washington",1st,NA,male
86,"Dodge, Mrs Washington (Ruth Vidaver)",1st,NA,female
87,"Dodge, Master Washington",1st,4,male
88,"Douglas, Mrs Frederick Charles (Suzette Baxter)",1st,27,female
89,"Douglas, Mr Walter Donald",1st,50,male
90,"Douglas, Mrs Walter Donald (Mahala Dutton)",1st,48,female
91,"Duff Gordon, Sir Cosmo Edmund",1st,49,male
92,"Duff Gordon, Lady (Lucille Wallace Sutherland)",1st,48,female
93,"Dulles, Mr William Crothers",1st,39,male
94,"Earnshaw, Mrs Boulton (Olive Potter)",1st,23,female
95,"Eustis, Miss Elizabeth Mussey",1st,53,female
96,"Evans, Miss Edith Corse",1st,36,female
97,"Flegenheim, Mrs Alfred (Antoinette)",1st,NA,female
98,"Flynn, Mr John Irving",1st,NA,male
99,"Foreman, Mr Benjamin Laventall",1st,30,male
100,"Fortune, Miss Alice Elizabeth",1st,24,female
101,"Fortune, Mr Charles Alexander",1st,19,male
102,"Fortune, Miss Ethel Flora",1st,28,female
103,"Fortune, Miss Mabel",1st,23,female
104,"Fortune, Mr Mark",1st,64,male
105,"Fortune, Mrs Mark (Mary McDougald)",1st,60,female
106,"Franklin, Mr Thomas Parham",1st,NA,male
107,"Frauenthal, Dr Henry William",1st,49,male
108,"Frauenthal, Mrs Henry William (Clara Heinsheimer)",1st,NA,female
109,"Frauenthal, Mr Isaac Gerald",1st,44,male
110,"Frolicher, Miss Marguerite",1st,22,female
111,"Frolicher-Stehli, Mr Maxmillian",1st,60,male
112,"Frolicher-Stehli, Mrs Maxmillian (Margaretha Emerentia Stehli)",1st,48,female
113,"Futrelle, Mr Jacques",1st,37,male
114,"Futrelle, Mrs Jacques (May Peel)",1st,35,female
115,"Gee, Mr Arthur H",1st,47,male
116,"Gibson, Miss Dorothy",1st,22,female
117,"Gibson, Mrs Leonard (Pauline C Boeson)",1st,45,female
118,"Goldenberg, Mr Samuel L",1st,49,male
119,"Goldenberg, Mrs Samuel L (Edwiga Grabowsko)",1st,NA,female
120,"Goldschmidt, Mr George B",1st,71,male
121,"Gracie, Colonel Archibald IV",1st,54,male
122,"Graham, Mr George Edward",1st,38,male
123,"Graham, Miss Margaret Edith",1st,19,female
124,"Graham, Mrs William Thompson (Edith Junkins)",1st,58,female
125,"Greenfield, Mrs Leo David (Blanche Strouse)",1st,45,female
126,"Greenfield, Mr William Bertram",1st,23,male
127,"Guggenheim, Mr Benjamin",1st,46,male
128,"Harder, Mr George Achilles",1st,25,male
129,"Harder, Mrs George Achilles (Dorothy Annan)",1st,21,female
130,"Harper, Mr Henry Sleeper",1st,48,male
131,"Harper, Mrs Henry Sleeper (Myna Haxtun)",1st,49,female
132,"Harris, Mr Henry Birkhardt",1st,45,male
133,"Harris, Mrs Henry Birkhardt (Irene Wallach)",1st,36,female
134,"Hawksford, Mr Walter James",1st,NA,male
135,"Hays, Mr Charles Melville",1st,55,male
136,"Hays, Mrs Charles Melville (Clara Jennings Gregg)",1st,52,female
137,"Hays, Miss Margaret Bechstein",1st,24,female
138,"Head, Mr Christopher",1st,NA,male
139,"Hilliard, Mr Herbert Henry",1st,NA,male
140,"Hipkins, Mr William Edward",1st,NA,male
141,"Hippach, Miss Jean Gertrude",1st,16,female
142,"Hippach, Mrs Louis Albert (Ida Sophia Fischer)",1st,44,female
143,"Hogeboom, Mrs John C (Anna Andrews)",1st,51,female
144,"Holverson, Mr Alexander Oskar",1st,42,male
145,"Holverson, Mrs Alexander Oskar (Mary Aline Towner)",1st,35,female
146,"Homer, Mr Harry",1st,35,male
147,"Hoyt, Mr Frederick Maxfield",1st,38,male
148,"Hoyt, Mrs Frederick Maxfield (Jane Anne Forby)",1st,35,female
149,"Hoyt, Mr William F",1st,NA,male
150,"Isham, Miss Anne Elizabeth",1st,50,female
151,"Ismay, Mr Joseph Bruce",1st,49,male
152,"Jones, Mr Charles Cresson",1st,46,male
153,"Julian, Mr Henry Forbes",1st,NA,male
154,"Kent, Mr Edward Austin",1st,58,male
155,"Kenyon, Mr Frederick R",1st,41,male
156,"Kenyon, Mrs Frederick R (Marion)",1st,NA,female
157,"Kimball, Mr Edwin Nelson Jr",1st,42,male
158,"Kimball, Mrs Edwin Nelson Jr (Gertrude Parsons)",1st,40,female
159,"Klaber, Mr Herman",1st,NA,male
160,"Leader, Dr Alice Farnham",1st,NA,female
161,"Lewy, Mr Ervin G",1st,NA,male
162,"Lindeberg-Lind, Mr Erik Gustaf",1st,42,male
163,"Lindstrom, Mrs Carl Johan (Sigrid Posse)",1st,55,female
164,"Lines, Mrs Ernest H (Elizabeth Lindsey James)",1st,50,female
165,"Lines, Miss Mary Conover",1st,16,female
166,"Lingrey, Mr Edward",1st,NA,male
167,"Long, Mr Milton Clyde",1st,29,male
168,"Longley, Miss Gretchen Fiske",1st,21,female
169,"Loring, Mr Joseph Holland",1st,30,male
170,"Madill, Miss Georgette Alexandra",1st,15,female
171,"Maguire, Mr John Edward",1st,30,male
172,"Marechal, Mr Pierre",1st,NA,male
173,"Marvin, Mr Daniel Warner",1st,NA,male
174,"Marvin, Mrs Daniel Warner (Mary Graham Carmichael Farquarson)",1st,NA,female
175,"McCaffry, Mr Thomas Francis",1st,46,male
176,"McCarthy, Mr Timothy J",1st,54,male
177,"McGough, Mr James R",1st,36,male
178,"Meyer, Mr Edgar Joseph",1st,28,male
179,"Meyer, Mrs Edgar Joseph (Leila Saks)",1st,NA,female
180,"Millet, Mr Francis Davis",1st,65,male
181,"Minahan, Miss Daisy E",1st,33,female
182,"Minahan, Dr William Edward",1st,44,male
183,"Minahan, Mrs William Edward (Lillian E Thorpe)",1st,37,female
184,"Mock, Mr Philip E",1st,NA,male
185,"Molson, Mr Harry Markland",1st,55,male
186,"Moore, Mr Clarence Bloomfield",1st,47,male
187,"Natsch, Mr Charles H",1st,36,male
188,"Newell, Mr Arthur Webster",1st,58,male
189,"Newell, Miss Madeleine",1st,31,female
190,"Newell, Miss Marjorie",1st,23,female
191,"Newsom, Miss Helen Monypeny",1st,19,female
192,"Nicholson, Mr Arthur Ernest",1st,64,male
193,"Omont, Mr A Fernand",1st,NA,male
194,"Ostby, Mr Engelhart Cornelius",1st,64,male
195,"Ostby, Miss Helen Raghnild",1st,22,female
196,"Ovies y Rodriguez, Mr Servando",1st,28,male
197,"Parr, Mr William Henry Marsh",1st,NA,male
198,"Partner, Mr Austin",1st,NA,male
199,"Payne, Mr Vivian Ponsonby",1st,22,male
200,"Pears, Mr Thomas",1st,NA,male
201,"Pears, Mrs Thomas (Edith)",1st,NA,female
202,"Penasco, Mr Victor de Satode",1st,18,male
203,"Penasco, Mrs Victor de Satode (Josefa de Soto)",1st,17,female
204,"Peuchen, Major Arthur Godfrey",1st,52,male
205,"Porter, Mr Walter Chamberlain",1st,46,male
206,"Potter, Mrs Thomas, Jr (Lily Alexenia Wilson)",1st,56,female
207,"Reuchlin, Jonkheer John George",1st,NA,male
208,"Rheims, Mr George Lucien",1st,NA,male
209,"Robert, Mrs Edward Scott (Elisabeth Walton McMillan)",1st,43,female
210,"Roebling, Mr Washington Augustus 2nd",1st,31,male
211,"Romaine, Mr Charles Hallace",1st,NA,male
212,"Rood, Mr Hugh R",1st,NA,male
213,"Rosenbaum (Russell), Miss Edith Louise",1st,33,female
214,"Ross, Mr John Hugo",1st,NA,male
215,"Rothes, the Countess of (Noel Lucy Martha Dyer-Edwardes)",1st,27,female
216,"Rothschild, Mr Martin",1st,55,male
217,"Rothschild, Mrs Martin (Elizabeth L Barrett)",1st,54,female
218,"Rowe, Mr Alfred G",1st,NA,male
219,"Ryerson, Mr Arthur Larned",1st,61,male
220,"Ryerson, Mrs Arthur Larned (Emily Maria Borie)",1st,48,female
221,"Ryerson, Miss Emily Borie",1st,18,female
222,"Ryerson, Master John Borie",1st,13,male
223,"Ryerson, Miss Susan (Suzette) Parker",1st,21,female
224,"Saalfeld, Mr Adolphe",1st,NA,male
225,"Salomon, Mr Abraham L",1st,NA,male
226,"Schabert, Mrs Paul (Emma Mock)",1st,NA,female
227,"Seward, Mr Frederic Kimber",1st,34,male
228,"Shutes, Miss Elizabeth W",1st,40,female
229,"Silverthorne, Mr Spencer Victor",1st,36,male
230,"Silvey, Mr William Baird",1st,50,male
231,"Silvey, Mrs William Baird (Alice Munger)",1st,39,female
232,"Simonius-Blumer, Col Alfons",1st,56,male
233,"Sloper, Mr William Thompson",1st,28,male
234,"Smart, Mr John Montgomery",1st,56,male
235,"Smith, Mr James Clinch",1st,56,male
236,"Smith, Mr Lucien Philip",1st,24,male
237,"Smith, Mrs Lucien Philip (Mary Eloise Hughes",1st,18,female
238,"Smith, Mr Richard William",1st,NA,male
239,"Snyder, Mr John Pillsbury",1st,24,male
240,"Snyder, Mrs John Pillsbury (Nelle Stevenson)",1st,23,female
241,"Spedden, Mr Frederick Oakley",1st,45,male
242,"Spedden, Mrs Frederick Oakley (Margaretta Corning Stone)",1st,40,female
243,"Spedden, Master Robert Douglas",1st,6,male
244,"Spencer, Mr William Augustus",1st,57,male
245,"Spencer, Mrs William Augustus (Marie Eugenie)",1st,NA,female
246,"Staehlin, Dr Max",1st,32,male
247,"Stead, Mr William Thomas",1st,62,male
248,"Stengel, Mr Charles Emil Henry",1st,54,male
249,"Stengel, Mrs Charles Emil Henry (Annie May Morris)",1st,43,female
250,"Stephenson, Mrs Walter Bertram (Martha Eustis)",1st,52,female
251,"Stewart, Mr Albert A",1st,NA,male
252,"Stone, Mrs George Nelson (Martha E)",1st,62,female
253,"Straus, Mr Isidor",1st,67,male
254,"Straus, Mrs Isidor (Ida Blun)",1st,63,female
255,"Sutton, Mr Frederick",1st,61,male
256,"Swift, Mrs Frederick Joel (Margaret Welles Barron)",1st,46,female
257,"Taussig, Mr Emil",1st,52,male
258,"Taussig, Mrs Emil (Tillie Mandelbaum)",1st,39,female
259,"Taussig, Miss Ruth",1st,18,female
260,"Taylor, Mr Elmer Zebley",1st,48,male
261,"Taylor, Mrs Elmer Zebley (Juliet Cummins Wright)",1st,NA,female
262,"Thayer, Mr John Borland",1st,49,male
263,"Thayer, Mrs John Borland (Marian Longstreth Morris)",1st,39,female
264,"Thayer, Mr John Borland, jr",1st,17,male
265,"Thorne, Mr George (alias of: Mr George Rosenshine)",1st,46,male
266,"Thorne, Mrs Gertrude Maybelle",1st,NA,female
267,"Tucker, Mr Gilbert Milligan, jr",1st,31,male
268,"Uruchurtu, Mr Manuel E",1st,NA,male
269,"Van Derhoef, Mr Wyckoff",1st,61,male
270,"Walker, Mr William Anderson",1st,47,male
271,"Warren, Mr Frank Manley",1st,64,male
272,"Warren, Mrs Frank Manley (Anna S Atkinson)",1st,60,female
273,"Weir, Col John",1st,60,male
274,"White, Mrs J Stuart (Ella Holmes)",1st,55,female
275,"White, Mr Percival Wayland",1st,54,male
276,"White, Mr Richard Frasar",1st,21,male
277,"Wick, Mr George Dennick",1st,57,male
278,"Wick, Mrs George Dennick (Martha Hitchcock)",1st,45,female
279,"Wick, Miss Mary Natalie",1st,31,female
280,"Widener, Mr George Dunton",1st,50,male
281,"Widener, Mrs George Dunton (Eleanor Elkins)",1st,50,female
282,"Widener, Mr Harry Elkins",1st,27,male
283,"Willard, Miss Constance",1st,20,female
284,"Williams, Mr Charles Duane",1st,51,male
285,"Williams, Mr Fletcher Lambert",1st,NA,male
286,"Williams, Mr Richard Norris II",1st,21,male
287,"Woolner, Mr Hugh",1st,NA,male
288,"Wright, Mr George",1st,NA,male
289,"Young, Miss Marie Grice",1st,36,female
290,"Barber, Ms ",1st,NA,female
291,"Bazzani, Ms Albina",1st,NA,female
292,"Bidois, Miss Rosalie",1st,NA,female
293,"Bird, Ms Ellen",1st,NA,female
294,"Bissetti, Ms Amelia",1st,NA,female
295,"Burns, Ms Elizabeth Margaret",1st,NA,female
296,"Chaudanson, Ms         Victorine",1st,NA,female
297,"Cleaver, Ms Alice",1st,NA,female
298,"Daniels, Ms Sarah",1st,NA,female
299,"Endres, Miss Caroline Louise",1st,NA,female
300,"Farthing, Mr John",1st,NA,male
301,"Fleming, Ms Margaret",1st,NA,female
302,"Francatelli, Ms Laura Mabel",1st,NA,female
303,"Fry, Mr Richard",1st,NA,male
304,"Geiger, Miss Emily ",1st,NA,female
305,"Giglio, Mr Victor",1st,NA,male
306,"Harrington, Mr Charles",1st,NA,male
307,"Harrison, Mr William   Henry",1st,40,male
308,"Hassah, Mr Hamad",1st,NA,male
309,"Icabad (Icabod), Ms",1st,NA,female
310,"Keeping, Mr Edwin",1st,32,male
311,"Kenchen, Ms Amelia",1st,NA,female
312,"LeRoy, Miss Berthe",1st,NA,female
313,"Lesneur, Mr Gustave",1st,NA,male
314,"Maloney, Ms",1st,NA,female
315,"Oliva, Mlle",1st,NA,female
316,"Pericault, Ms",1st,NA,female
317,"Ringhini, Mr Sante",1st,33,male
318,"Robbins, Mr Victor",1st,NA,male
319,"Segesser, Mlle Emma",1st,NA,female
320,"Seredeca, Ms",1st,NA,female
321,"Ward, Ms Anna",1st,NA,female
322,"Wilson, Ms Helen",1st,NA,female
323,"Abelson, Mr Samuel",2nd,30,male
324,"Abelson, Mrs Samuel (Anna)",2nd,28,female
325,"Andrew, Mr Edgar Samuel",2nd,18,male
326,"Andrew, Mr Frank",2nd,NA,male
327,"Angle, Mr William A",2nd,34,male
328,"Angle, Mrs William A (Florence)",2nd,32,female
329,"Ashby, Mr John",2nd,57,male
330,"Bailey, Mr Percy Andrew",2nd,18,male
331,"Baimbrigge, Mr Charles R",2nd,23,male
332,"Balls, Mrs Ada E Hall",2nd,36,female
333,"Banfield, Mr Frederick J",2nd,28,male
334,"Bateman, Rev Robert James",2nd,51,male
335,"Beane, Mr Edward",2nd,32,male
336,"Beane, Mrs Edward (Ethel Clarke)",2nd,19,female
337,"Beauchamp, Mr Henry James",2nd,28,male
338,"Becker, Mrs Allen Oliver (Nellie E Baumgardner)",2nd,36,female
339,"Becker, Miss Marion Louise",2nd,4,female
340,"Becker, Master Richard F",2nd,1,male
341,"Becker, Miss Ruth Elizabeth",2nd,12,female
342,"Beesley, Mr Lawrence",2nd,34,male
343,"Bentham, Miss Lilian W",2nd,19,female
344,"Berriman, Mr William S",2nd,23,male
345,"Botsford, Mr William Hull",2nd,26,male
346,"Bowenur, Mr Solomon",2nd,NA,male
347,"Bracken, Mr James H",2nd,27,male
348,"Brown, Miss Edith E",2nd,15,female
349,"Brown, Mr Thomas William Solomon",2nd,45,male
350,"Brown, Mrs Thomas William Solomon (Elizabeth C)",2nd,40,female
351,"Bryhl, Miss Dagmar",2nd,20,female
352,"Bryhl, Mr Kurt Arnold Gottfrid",2nd,25,male
353,"Buss, Miss Kate",2nd,36,female
354,"Butler, Mr Reginald Fenton",2nd,25,male
355,"Byles, Rev Thomas Roussel D",2nd,NA,male
356,"Bystrom, Mrs Carolina",2nd,42,female
357,"Caldwell, Mr Albert Francis",2nd,26,male
358,"Caldwell, Mrs Albert Francis (Sylvia Mae Harbaugh)",2nd,26,female
359,"Caldwell, Master Alden Gates",2nd,0.83,male
360,"Cameron, Miss Clear",2nd,31,female
361,"Campbell, Mr William",2nd,NA,male
362,"Carbines, Mr William",2nd,19,male
363,"Carter, Rev Ernest Courtenay",2nd,54,male
364,"Carter, Mrs Ernest Courtenay (Lillian Hughes)",2nd,44,female
365,"Chapman, Mr Charles Henry",2nd,52,male
366,"Chapman, Mr John Henry",2nd,30,male
367,"Chapman, Mrs John Henry (Elizabeth Lawry)",2nd,30,female
368,"Christy, Mrs Alice Frances",2nd,NA,female
369,"Christy, Miss Julie",2nd,NA,female
370,"Clarke, Mr Charles V",2nd,29,male
371,"Clarke, Mrs Charles V (Ada Maria)",2nd,NA,female
372,"Coleridge, Mr Reginald Charles",2nd,29,male
373,"Collander, Mr Erik",2nd,27,male
374,"Collett, Mr Sidney C Stuart",2nd,24,male
375,"Collyer, Mr Harvey",2nd,35,male
376,"Collyer, Mrs Harvey (Charlotte Tate)",2nd,31,female
377,"Collyer, Miss Marjorie",2nd,8,female
378,"Cook, Mrs Selena Rogers",2nd,22,female
379,"Corbett, Mrs Walter H (Irene Colvin)",2nd,30,female
380,"Corey, Mrs Percy C (Mary Phyllis Elizabeth Miller)",2nd,NA,female
381,"Cotterill, Mr Harry",2nd,20,male
382,"Cunningham, Mr Alfred Fleming",2nd,NA,male
383,"Davies, Mr Charles Henry",2nd,21,male
384,"Davis, Mrs Agnes",2nd,49,female
385,"Davis, Master John Morgan",2nd,8,male
386,"Davis, Miss Mary",2nd,28,female
387,"Deacon, Mr Percy",2nd,18,male
388,"de Brito, Mr Jose Joaquim",2nd,NA,male
389,"del Carlo, Mr Sebastiano",2nd,28,male
390,"del Carlo, Mrs Sebastiano (Argenia Genovese)",2nd,22,female
391,"Denbury, Mr Herbert",2nd,25,male
392,"Dibden, Mr William",2nd,18,male
393,"Doling, Mrs Ada",2nd,32,female
394,"Doling, Miss Elsie",2nd,18,female
395,"Downton (?Douton), Mr William James",2nd,NA,male
396,"Drew, Mr James Vivian",2nd,42,male
397,"Drew, Mrs James Vivian (Lulu Thorne Christian)",2nd,34,female
398,"Drew, Master Marshall Brines",2nd,8,male
399,"Duran y More, Miss Asuncion",2nd,NA,female
400,"Duran y More, Miss Florentina",2nd,NA,female
401,"Eitemiller, Mr George Floyd",2nd,23,male
402,"Enander, Mr Ingvar",2nd,21,male
403,"Fahlstrom, Mr Arne Jonas",2nd,19,male
404,"Faunthorpe, Mr Harry",2nd,NA,male
405,"Faunthorpe, Mrs Lizzie (see Wilkinson, E)",2nd,NA,female
406,"Fillbrook, Mr Charles",2nd,NA,male
407,"Fox, Mr Stanley H",2nd,38,male
408,"Frost, Mr Anthony (Archie) W",2nd,NA,male
409,"Funk, Miss Annie C",2nd,38,female
410,"Fynney, Mr Joseph J",2nd,35,male
411,"Gale, Mr Harry",2nd,35,male
412,"Gale, Mr Shadrach",2nd,38,male
413,"Garside, Miss Ethel",2nd,24,female
414,"Gaskell, Mr Alfred",2nd,16,male
415,"Gavey, Mr Lawrence",2nd,26,male
416,"Gilbert, Mr William",2nd,45,male
417,"Giles, Mr Edgar",2nd,24,male
418,"Giles, Mr Frederick",2nd,21,male
419,"Giles, Mr Ralph",2nd,22,male
420,"Gill, Mr John W",2nd,NA,male
421,"Gillespie, Mr William",2nd,34,male
422,"Givard, Mr Hans Christensen",2nd,30,male
423,"Greenberg, Mr Samuel",2nd,50,male
424,"Hale, Mr Reginald",2nd,30,male
425,"Hamalainen, Mrs William (Anna)",2nd,23,female
426,"Hamalainen, Master Viljo",2nd,1,male
427,"Harbeck, Mr William H",2nd,44,male
428,"Harper, Rev John",2nd,28,male
429,"Harper, Miss Nina",2nd,6,female
430,"Harris, Mr George",2nd,30,male
431,"Harris, Mr Walter",2nd,NA,male
432,"Hart, Mr Benjamin",2nd,43,male
433,"Hart, Mrs Benjamin (Esther)",2nd,45,female
434,"Hart, Miss Eva Miriam",2nd,7,female
435,"Herman, Miss Alice",2nd,24,female
436,"Herman, Miss Kate",2nd,24,female
437,"Herman, Mr Samuel",2nd,49,male
438,"Herman, Mrs Samuel (Jane Laver)",2nd,48,female
439,"Hewlett, Mrs Mary D",2nd,NA,female
440,"Hickman, Mr Leonard Mark",2nd,34,male
441,"Hickman, Mr Lewis",2nd,32,male
442,"Hickman, Mr Stanley George",2nd,21,male
443,"Hiltunen, Miss Marta",2nd,18,female
444,"Hocking, Mrs Elizabeth",2nd,53,female
445,"Hocking, Mr George",2nd,23,male
446,"Hocking, Miss Ellen (Nellie)",2nd,21,female
447,"Hocking, Mr Samuel James",2nd,NA,male
448,"Hodges, Mr Henry Price",2nd,52,male
449,"Hold, Mr Stephen",2nd,42,male
450,"Hold, Mrs Stephen (Annie Margaret)",2nd,36,female
451,"Hood, Mr Ambrose, Jr",2nd,21,male
452,"Hosono, Mr Masafumi",2nd,41,male
453,"Howard, Mr Benjamin",2nd,NA,male
454,"Howard, Mrs Benjamin (Ellen Truelove)",2nd,NA,female
455,"Hunt, Mr George Henry",2nd,33,male
456,"Ilett, Miss Bertha",2nd,17,female
457,Jacobsohn Mr Samuel,*,NA,male
458,"Jacobsohn, Mrs Sidney Samuel (Amy Frances Christy)",2nd,NA,female
459,"Jarvis, Mr John Denzil",2nd,NA,male
460,"Jefferys, Mr Clifford",2nd,NA,male
461,"Jefferys, Mr Ernest",2nd,NA,male
462,"Jenkin, Mr Stephen Curnow",2nd,NA,male
463,"Jerwan, Mrs Amin S (Marie Thuillard)",2nd,23,female
464,"Kantor, Mr Sinai",2nd,34,male
465,"Kantor, Mrs Sinai (Miriam Sternim)",2nd,NA,female
466,"Karnes, Mrs J Frank (Claire Bennett)",2nd,22,female
467,"Keane, Mr Daniel",2nd,NA,male
468,"Keane, Miss Nora A",2nd,NA,female
469,"Kelly, Mrs Florence (Fannie)",2nd,45,female
470,"Kirkland, Rev Charles Leonard",2nd,NA,male
471,"Knight, Mr Robert",2nd,NA,male
472,"Kvillner, Mr Johan Henrik Johannesson",2nd,31,male
473,"Lahtinen, Rev William",2nd,30,male
474,"Lahtinen, Mrs William (Anna Sylvan)",2nd,26,female
475,"Lamb, Mr John James",2nd,NA,male
476,"Lemore, Mrs Amelia",2nd,34,female
477,"LaRoche, Mr Joseph",2nd,26,male
478,"LaRoche, Mrs Joseph (Juliet)",2nd,22,female
479,"LaRoche, Miss Louise",2nd,1,female
480,"LaRoche, Miss Simonne",2nd,3,female
481,"Lehmann, Miss Bertha",2nd,NA,female
482,"Leitch, Miss Jessie",2nd,NA,female
483,"Levy, Mr Rene Jacques",2nd,NA,male
484,"Leyson, Mr Robert William Norman",2nd,25,male
485,"Lingan, Mr John",2nd,NA,male
486,"Louch, Mr Charles Alexander",2nd,48,male
487,"Louch, Mrs Charles Alexander (Alice Adelaide)",2nd,NA,female
488,"Mack, Mrs Mary",2nd,57,female
489,"Malachard, Mr Noel",2nd,NA,male
490,"Mallet, Mr Albert",2nd,NA,male
491,"Mallet, Mrs Albert (Antoinette)",2nd,NA,female
492,"Mallet, Master Andre",2nd,2,male
493,"Mangiavacchi, Mr Serafino Emilio",2nd,NA,male
494,"Mantvila, Rev Joseph",2nd,27,male
495,"Marshall, Mrs Kate Louise Phillips",2nd,19,female
496,"Matthews, Mr William John",2nd,30,male
497,"Maybery, Mr Frank H",2nd,20,male
498,"McCrae, Mr Arthur Gordon",2nd,45,male
499,"McCrie, Mr James Matthew",2nd,NA,male
500,"McKane, Mr Peter D",2nd,46,male
501,"Mellenger, Mrs Elizabeth Anne",2nd,41,female
502,"Mellenger, Miss Madeleine Violet",2nd,13,female
503,"Mellor, Mr William John",2nd,19,male
504,"Meyer, Mr August",2nd,30,male
505,"Milling, Mr Jacob Christian",2nd,48,male
506,"Mitchell, Mr Henry Michael",2nd,71,male
507,"Moraweck, Dr Ernest",2nd,54,male
508,"Morley, Mr William",2nd,NA,male
509,"Mudd, Mr Thomas C",2nd,NA,male
510,"Myles, Mr Thomas Francis",2nd,64,male
511,"Nasser (Nasrallah), Mr Nicholas",2nd,32,male
512,"Nasser (Nasrallah), Mrs Nicholas",2nd,18,female
513,"Navratil, Master Edmond Roger",2nd,2,male
514,"Navratil, Mr Michel",2nd,32,male
515,"Navratil, Master Michel M",2nd,3,male
516,"Nesson, Mr Israel",2nd,26,male
517,"Nicholls, Mr Joseph Charles",2nd,19,male
518,"Norman, Mr Robert Douglas",2nd,NA,male
519,"Nourney, Mr Alfred (aka Baron von Drachstedt)",2nd,20,male
520,"Nye, Mrs Elizabeth Ramell",2nd,29,female
521,"Otter, Mr Richard",2nd,39,male
522,"Oxenham, Mr Percy Thomas",2nd,22,male
523,"Padro y Manent, Mr Julian",2nd,NA,male
524,"Pain, Dr Alfred",2nd,24,male
525,"Pallas y Castello, Mr Emilio",2nd,NA,male
526,"Parker, Mr Clifford R",2nd,28,male
527,"Parkes, Mr Francis (Frank)",2nd,NA,male
528,"Parrish, Mrs Lutie Davis",2nd,50,female
529,"Pengelly, Mr Frederick",2nd,20,male
530,"Peruschitz, Rev Joseph M",2nd,40,male
531,"Phillips, Miss Alice",2nd,42,female
532,"Phillips, Mr Robert",2nd,21,male
533,"Pinsky, Miss Rosa",2nd,32,female
534,"Ponesell, Mr Martin",2nd,34,male
535,"Portaluppi, Mr Emilio",2nd,NA,male
536,"Pulbaum, Mr Frank",2nd,NA,male
537,"Quick, Mrs Frederick C (Jane Richards)",2nd,33,female
538,"Quick, Miss Phyllis May",2nd,2,female
539,"Quick, Miss Winifred Vera",2nd,8,female
540,"Reeves, Mr David",2nd,36,male
541,"Renouf, Mr Peter Henry",2nd,34,male
542,"Renouf, Mrs Peter Henry (Lillian Jefferys)",2nd,30,female
543,"Reynaldo, Mrs Encarnacion",2nd,28,female
544,"Richard, Mr Emil",2nd,23,male
545,"Richards, Master George Sidney",2nd,0.8,male
546,"Richards, Mrs Sidney (Emily Hocking)",2nd,25,female
547,"Richards, Master William Rowe",2nd,3,male
548,"Ridsdale, Miss Lucy",2nd,50,female
549,"Rogers, Mr Harry",2nd,NA,male
550,"Rugg, Miss Emily",2nd,21,female
551,"Sedgwick, Mr Charles Frederick Waddington",2nd,NA,male
552,"Sharp, Mr Percival",2nd,NA,male
553,"Shelley, Mrs William (Imanita)",2nd,25,female
554,"Silven, Miss Lyyli",2nd,18,female
555,"Sincock, Miss Maude",2nd,20,female
556,"Siukonnen, Miss Anna",2nd,30,female
557,"Sjostedt, Mr Ernst Adolf",2nd,59,male
558,"Slayter, Miss Hilda Mary",2nd,30,female
559,"Slemen, Mr Richard James",2nd,35,male
560,"Smith (Schmidt), Mr Augustus",2nd,22,male
561,"Smith, Miss Marion",2nd,NA,female
562,"Sobey, Mr Hayden",2nd,25,male
563,"Stanton, Mr Samuel Ward",2nd,41,male
564,"Stokes, Mr Philip Joseph",2nd,25,male
565,"Sweet, Mr George",2nd,14,male
566,"Toomey, Miss Ellen",2nd,50,female
567,"Troupiansky, Mr Moses Aaron",2nd,22,male
568,"Trout, Mrs William H (Jessie L)",2nd,NA,female
569,"Troutt, Miss Edwina Celia",2nd,27,female
570,"Turpin, Mr William John",2nd,29,male
571,"Turpin, Mrs William John (Dorothy Anne Wonnacott)",2nd,27,female
572,"Veale, Mr James",2nd,30,male
573,"Waelens, Mr Achille",2nd,22,male
574,"Walcroft, Miss Nellie",2nd,35,female
575,"Ware, Mr John James",2nd,30,male
576,"Ware, Mrs John James (Florence Louise Long)",2nd,28,female
577,"Ware, Mr William J",2nd,23,male
578,"Watson, Mr Ennis Hastings",2nd,NA,male
579,"Watt, Miss Bertha",2nd,12,female
580,"Watt, Mrs James (Bessie Inglis Milne)",2nd,40,female
581,"Webber, Miss Susan",2nd,36,female
582,"Weisz, Mr Leopold",2nd,28,male
583,"Weisz, Mrs Leopold (Mathilde)",2nd,32,female
584,"Wells, Mrs Arthur H (Addie Trevaskis)",2nd,29,female
585,"Wells, Miss Joan",2nd,4,female
586,"Wells, Master Ralph Lester",2nd,2,male
587,"West, Miss Barbara J",2nd,NA,female
588,"West, Miss Constance Mirium",2nd,NA,female
589,"West, Mr Edwy Arthur",2nd,36,male
590,"West, Mrs Edwy Arthur (Ada Mary)",2nd,33,female
591,"Wheadon, Mr Edward",2nd,NA,male
592,"Wheeler, Mr Edwin",2nd,NA,male
593,"Wheeler, Mr Frederick",2nd,NA,male
594,"Wilhelms, Mr Charles",2nd,32,male
595,"Wilkinson, Mrs Elizabeth Anne",2nd,NA,female
596,"Williams, Mr Charles Eugene",2nd,NA,male
597,"Wright, Miss Marion",2nd,26,female
598,"Yrois, Miss Henriette",2nd,NA,female
599,"Aldworth, Mr Charles Augustus",2nd,30,male
600,"Brown, Miss Mildred",2nd,24,female
601,"Pernot, Mr Rene",2nd,NA,male
602,"Swane, Mr George",2nd,18,male
603,"Abbing, Mr Anthony",3rd,42,male
604,"Abbott, Master Eugene Joseph",3rd,13,male
605,"Abbott, Mr Rossmore Edward",3rd,16,male
606,"Abbott, Mrs Stanton (Rosa)",3rd,35,female
607,"Abelseth, Miss Anna Karen",3rd,16,female
608,"Abelseth, Mr Olaus",3rd,25,male
609,"Abraham, Mrs Joseph (Sophie Easu)",3rd,18,female
610,"Abrahamsson, Mr August",3rd,20,male
611,"Adahl, Mr Mauritz Nils Martin",3rd,30,male
612,"Adams, Mr John",3rd,26,male
613,"Ahlin, Mrs Johanna Persdotter",3rd,40,female
614,"Ahmed, Mr Ali",3rd,24,male
615,"Aijo-Nirva, Mr Isak",3rd,41,male
616,"Aks, Mrs Sam (Leah Rosen)",3rd,18,female
617,"Aks, Master Philip",3rd,0.83,male
618,"Alexander, Mr William",3rd,23,male
619,"Alhomaki, Mr Ilmari Rudolf",3rd,20,male
620,"Ali, Mr William",3rd,25,male
621,"Allen, Mr William Henry",3rd,35,male
622,"Allum, Mr Owen George",3rd,17,male
623,"Andersen, Mr Albert Karvin",3rd,32,male
624,"Andersen, Mr Thor Olsvigen",3rd,20,male
625,"Andersson, Mr Anders Johan",3rd,39,male
626,"Andersson, Mrs Anders Johan (Alfrida K Brogren)",3rd,39,female
627,"Andersson, Miss Ebba Iris",3rd,6,female
628,"Andersson, Miss Ellis Anna Maria",3rd,2,female
629,"Andersson, Miss Erna",3rd,17,female
630,"Andersson, Miss Ida Augusta Margareta",3rd,38,female
631,"Andersson, Miss Ingeborg Constancia",3rd,9,female
632,"Andersson, Mr Johan Samuel",3rd,26,male
633,"Andersson, Miss Sigrid Elizabeth",3rd,11,female
634,"Andersson, Master Sigvard Harald Elias",3rd,4,male
635,"Andreasson, Mr Paul Edvin",3rd,20,male
636,"Angheloff, Mr Minko",3rd,26,male
637,"Arnold, Mr Josef",3rd,25,male
638,"Arnold, Mrs Josef (Josephine Frank)",3rd,18,female
639,"Aronsson, Mr Ernst Axel Algot",3rd,24,male
640,"Asim, Mr Adola",3rd,35,male
641,"Asplund, Mr Carl Oscar Vilhelm Gustafsson",3rd,40,male
642,"Asplund, Mrs Carl Oscar (Selma Augusta Johansson)",3rd,38,female
643,"Asplund, Master Carl Edgar",3rd,5,male
644,"Asplund, Master Clarence Gustaf Hugo",3rd,9,male
645,"Aspland, Master Edvin Rojj Felix",3rd,3,male
646,"Asplund, Master Filip Oscar",3rd,13,male
647,"Asplund, Mr John Charles",3rd,23,male
648,"Asplund, Miss Lillian Gertrud",3rd,5,female
649,"Assaf, Mr Gerios",3rd,NA,male
650,"Assaf, Mrs Mariana",3rd,45,female
651,"Assam, Mr Ali",3rd,23,male
652,"Attalah, Miss Malaka",3rd,17,female
653,"Attala (Kalil), Mr Solomon",3rd,27,male
654,"Augustsson, Mr Albert",3rd,23,male
655,"Baccos, Mr Rafoul",3rd,20,male
656,"Backstrom, Mr Karl Alfred",3rd,32,male
657,"Backstrom, Mrs Karl Alfred (Maria Mathilda Gustafsson)",3rd,33,female
658,"Baclini, Miss Eugenie",3rd,3,female
659,"Baclini, Miss Helene",3rd,NA,female
660,"Baclini, Miss Maria",3rd,NA,female
661,"Baclini, Mrs Solomon (Latifa)",3rd,NA,female
662,"Badman, Miss Emily Louisa",3rd,18,female
663,"Badt, Mr Mohamed",3rd,40,male
664,"Balkic, Mr Cerin",3rd,26,male
665,"Banoura, Miss Ayout",3rd,15,female
666,"Barbara, Mrs Catherine",3rd,45,female
667,"Barbara, Miss Saude",3rd,18,female
668,"Barry, Miss Julia",3rd,27,female
669,"Barton, Mr David",3rd,22,male
670,"Beavan, Mr William Thomas",3rd,19,male
671,"Bengtsson, Mr John Viktor",3rd,26,male
672,"Berglund, Mr Karl Ivar Sven",3rd,22,male
673,"Betros, Mr Tannous",3rd,20,male
674,"Bing, Mr Lee",3rd,32,male
675,"Birkeland, Mr Hans",3rd,21,male
676,"Bjorklund, Ernst Herbert",3rd,18,male
677,"Bostandyeff, Mr Guentcho",3rd,26,male
678,"Boulos, Master Akar",3rd,6,male
679,"Boulos, Mr Hanna",3rd,NA,male
680,"Boulos, Mrs Joseph (Sultana)",3rd,NA,female
681,"Boulos, Miss Laura",3rd,9,female
682,"Bourke, Mr John",3rd,40,male
683,"Bourke, Mrs John (Catherine)",3rd,32,female
684,"Bourke, Miss Mary",3rd,NA,female
685,"Bowen, Mr David",3rd,26,male
686,"Bradley, Miss Bridget Delia",3rd,18,female
687,"Braf, Miss Elin Ester Maria",3rd,20,female
688,"Brahim, Mr Youssef",3rd,NA,male
689,"Braund, Mr Lewis Richard",3rd,29,male
690,"Braund, Mr Owen Harris",3rd,22,male
691,"Brobek, Mr Karl Rudolf",3rd,22,male
692,"Brocklebank, Mr William Alfred",3rd,35,male
693,"Buckley, Mr Daniel",3rd,21,male
694,"Buckley, Miss Katherine",3rd,20,female
695,"Burke, Mr Jeremiah",3rd,19,male
696,"Burns, Miss Mary Delia",3rd,18,female
697,"Cacic, Mr Grego",3rd,18,male
698,"Cacic, Mr Luka",3rd,38,male
699,"Cacic, Mr Manda",3rd,NA,male
700,"Cacic, Mr Maria",3rd,30,male
701,"Calic, Mr Peter",3rd,17,male
702,"Canavan, Miss Mary",3rd,21,female
703,"Canavan, Mr Patrick",3rd,21,male
704,"Cann, Mr Ernest",3rd,21,male
705,"Caram (Kareem), Mr Joseph",3rd,NA,male
706,"Caram (Kareem), Mrs Joseph (Maria Elias)",3rd,NA,female
707,"Carlsson, Mr Carl Robert",3rd,24,male
708,"Carlsson, Mr Frans Olof",3rd,33,male
709,"Carlsson, Mr Julius",3rd,33,male
710,"Carlsson, Mr August Sigfrid",3rd,28,male
711,"Carr, Miss Helen",3rd,16,female
712,"Carr, Miss Jeannie",3rd,37,female
713,"Carver, Mr Alfred John",3rd,28,male
714,"Cassem, Mr Nassef Belmenly",3rd,NA,male
715,"Celotti, Mr Francesco",3rd,24,male
716,"Chartens, Mr David",3rd,21,male
717,"Chebab, Mr Emir Farres",3rd,NA,male
718,"Chip, Mr Chang",3rd,32,male
719,"Christmann, Mr Emil",3rd,29,male
720,"Chronopoulos, Mr Apostolos",3rd,26,male
721,"Chronopoulos, Mr Demetrios",3rd,18,male
722,"Coelho, Mr Domingos Fernandes",3rd,20,male
723,"Cohen, Mr Gurshon (Gus)",3rd,19,male
724,"Colbert, Mr Patrick",3rd,24,male
725,"Coleff, Mr Fotio",3rd,24,male
726,"Coleff, Mr Peyo",3rd,36,male
727,"Conlin, Mr Thomas Henry",3rd,31,male
728,"Connaghton, Mr Michael",3rd,31,male
729,"Connolly, Miss Kate",3rd,30,female
730,"Connolly, Miss Kate",3rd,22,female
731,"Connors, Mr Patrick",3rd,NA,male
732,"Cook, Mr Jacob",3rd,43,male
733,"Cor, Mr Bartol",3rd,35,male
734,"Cor, Mr Ivan",3rd,27,male
735,"Cor, Mr Ludovik",3rd,19,male
736,"Corn, Mr Harry",3rd,30,male
737,"Coutts, Mrs William (Minnie)",3rd,36,female
738,"Coutts, Master Neville",3rd,3,male
739,"Coutts, Master William Leslie",3rd,9,male
740,"Coxon, Mr Daniel",3rd,59,male
741,"Crease, Mr Ernest James",3rd,19,male
742,"Cribb, Mr John Hatfield",3rd,44,male
743,"Cribb, Miss Laura Alice",3rd,17,female
744,"Daher, Mr Tannous",3rd,NA,male
745,"Dahl, Mr Charles Edward",3rd,45,male
746,"Dahlberg, Miss Gerda Ulrika",3rd,22,female
747,"Dakic, Mr Branko",3rd,19,male
748,"Daly, Mr Eugene",3rd,29,male
749,"Daly, Miss Marcella",3rd,30,female
750,"Danbom, Mr Ernst Gilbert",3rd,34,male
751,"Danbom, Mrs Ernst Gilbert (Anna Sigrid Maria Brogren)",3rd,28,female
752,"Danbom, Master Gilbert Sigvard Emanuel",3rd,0.33,male
753,"Danoff, Mr Yoto",3rd,27,male
754,"Dantchoff, Mr Khristo",3rd,25,male
755,"Davies, Mr Alfred",3rd,24,male
756,"Davies, Mr Evan",3rd,22,male
757,"Davies, Mr John",3rd,21,male
758,"Davies, Mr Joseph",3rd,17,male
759,"Davison, Mr Thomas Henry",3rd,NA,male
760,"Davison, Mrs Thomas Henry (Mary Finck)",3rd,NA,female
761,"Dean, Mr Bertram",3rd,26,male
762,"Dean, Mrs Bertram (Eva)",3rd,33,female
763,"Dean, Master Bertram Vere",3rd,1,male
764,"Dean, Miss Elizabeth Gladys (Millvena)",3rd,0.17,female
765,"Delalic, Mr Regyo",3rd,25,male
766,"De Messemaeker, Mr William Joseph",3rd,36,male
767,"De Messemaeker, Mrs William Joseph (Anna)",3rd,36,female
768,"De Mulder, Mr Theo",3rd,30,male
769,"Denkoff, Mr Mito",3rd,NA,male
770,"Dennis, Mr Samuel",3rd,23,male
771,"Dennis, Mr William",3rd,26,male
772,"Devaney, Miss Margaret",3rd,19,female
773,"Dewan, Mr Frank",3rd,65,male
774,"Dibo, Mr Elias",3rd,NA,male
775,"Dimic, Mr Jovan",3rd,42,male
776,"Dintcheff, Mr Valtcho",3rd,43,male
777,"Dooley, Mr Patrick",3rd,32,male
778,"Dorkings, Mr Edward Arthur",3rd,19,male
779,"Dowdell, Miss Elizabeth",3rd,30,female
780,"Doyle, Miss Elizabeth",3rd,24,female
781,"Drapkin, Miss Jennie",3rd,23,female
782,"Drazonovic, Mr Josef",3rd,NA,male
783,"Driscoll, Miss Bridget",3rd,24,female
784,"Duquemin, Mr Joseph",3rd,24,male
785,"Dyker, Mr Adolf Fredrik",3rd,23,male
786,"Dyker, Mrs Adolf Fredrik (Anna Elizabeth Judith Andersson)",3rd,22,female
787,"Econovic, Mr Joso",3rd,NA,male
788,"Edvardsson, Mr Gustaf Hjalmar",3rd,18,male
789,"Eklund, Mr Hans Linus",3rd,16,male
790,"Ekstrom, Mr Johan",3rd,45,male
791,"Elias, Mr Elias",3rd,NA,male
792,"Elias, Mr John",3rd,NA,male
793,"Elias, Mr Joseph",3rd,NA,male
794,"Elsbury, Mr James",3rd,47,male
795,"Emanuel, Miss Virginia Ethel",3rd,5,female
796,"Emmeth, Mr Thomas",3rd,NA,male
797,"Everett, Thomas James",3rd,NA,male
798,"Farrell, Mr James",3rd,NA,male
799,"Finoli, Mr Luigi",3rd,NA,male
800,"Fischer, Mr Eberhard Telander",3rd,NA,male
801,"Flynn, Mr James",3rd,NA,male
802,"Flynn, Mr John",3rd,NA,male
803,"Foley, Mr Joseph",3rd,NA,male
804,"Foley, Mr William",3rd,NA,male
805,"Foo, Mr Choong",3rd,NA,male
806,"Ford, Mr Arthur",3rd,NA,male
807,"Ford, Miss Doolina Margaret",3rd,21,female
808,"Ford, Mr Edward Watson",3rd,18,male
809,"Ford, Miss Maggie",3rd,9,female
810,"Ford, Mrs Edward (Margaret Ann)",3rd,48,female
811,"Ford, Mr Neil Watson",3rd,16,male
812,"Fox, Mr Patrick",3rd,NA,male
813,"Franklin, Mr Charles",3rd,NA,male
814,"Gallagher, Mr Martin",3rd,25,male
815,"Garfirth, Mr John",3rd,NA,male
816,"Georges, Mrs Shahini Weappi",3rd,38,female
817,"Gilinski, Mr Leslie",3rd,22,male
818,"Gilnagh, Miss Katie",3rd,16,female
819,"Glynn, Miss Mary Agatha",3rd,NA,female
820,"Goldsmith, Mr Frank John",3rd,33,male
821,"Goldsmith, Mrs Frank John (Emily A Brown)",3rd,NA,female
822,"Goldsmith, Master Frank John William",3rd,9,male
823,"Goldsmith, Mr Nathan",3rd,41,male
824,"Goncalves, Mr Manuel Estanslas",3rd,38,male
825,"Goodwin, Mr Frederick",3rd,40,male
826,"Goodwin, Mrs Frederick (Augusta)",3rd,43,female
827,"Goodwin, Mr Charles E",3rd,14,male
828,"Goodwin, Miss Lillian A",3rd,16,female
829,"Goodwin, Master Harold V",3rd,9,male
830,"Goodwin, Miss Jessie A",3rd,10,female
831,"Goodwin, Master Sidney L",3rd,6,male
832,"Goodwin, Master William F",3rd,11,male
833,"Green, Mr George",3rd,40,male
834,"Gronnestad, Mr Daniel Danielsen",3rd,32,male
835,"Guest, Mr Robert",3rd,NA,male
836,"Gustafsson, Mr Alfred Ossian",3rd,20,male
837,"Gustafsson, Mr Anders Vilhelm",3rd,37,male
838,"Gustafsson, Mr Johan Birger",3rd,28,male
839,"Gustafsson, Mr Karl Gideon",3rd,19,male
840,"Haas, Miss Aloisia",3rd,24,female
841,"Hagardon, Miss Kate",3rd,17,female
842,"Hagland, Mr Ingvald Olsen",3rd,NA,male
843,"Hagland, Mr Konrad Mathias Reiersen",3rd,NA,male
844,"Hakkarainen, Mr Pekko Pietari",3rd,28,male
845,"Hakkarainen, Mrs Pekko Pietari",3rd,24,female
846,"Hampe, Mr Leon",3rd,20,male
847,"Hansen, Mr Claus Peter",3rd,41,male
848,"Hansen, Mrs Claus Peter",3rd,45,female
849,"Hansen, Mr Henrik Juul",3rd,26,male
850,"Hansen, Mr Henry Damsgaard",3rd,21,male
851,"Harknett, Miss Alice",3rd,NA,female
852,"Harmer, Mr Abraham",3rd,NA,male
853,"Hart, Mr Henry",3rd,NA,male
854,"Hassan, Mr M Houssein",3rd,NA,male
855,"Healy, Miss Nora",3rd,NA,female
856,"Hedman, Mr Oscar",3rd,27,male
857,"Hee, Mr Ling",3rd,NA,male
858,"Hegarty, Miss Nora",3rd,18,female
859,"Heikkinen, Miss Laina",3rd,26,female
860,"Heininen, Miss Wendla Maria",3rd,23,female
861,"Hellstrom, Hilda Maria",3rd,22,female
862,"Hemming, Miss Nora",3rd,NA,female
863,"Hendekovic, Mr Ignaz",3rd,NA,male
864,"Henery, Delia",3rd,NA,female
865,"Henriksson, Jenny Lovisa",3rd,28,female
866,"Hirvonen, Mrs Alexander",3rd,22,female
867,"Hirvonen, Miss Hildur E",3rd,2,female
868,"Holm, Mr John Frederik Alexander",3rd,43,male
869,"Holthen, Mr Johan Martin",3rd,NA,male
870,"Honkanen, Miss Eluna",3rd,27,female
871,"Horgan, Mr John",3rd,NA,male
872,"Howard, Miss May",3rd,NA,female
873,"Humblin, Mr Adolf Mathias Nicolai Olsen",3rd,42,male
874,"Hyman, Mr Abraham",3rd,NA,male
875,"Ilieff, Mr Ylio",3rd,NA,male
876,"Ilmakangas, Miss Ida Livija",3rd,27,female
877,"Ilmakangas, Miss Pieta Sofia",3rd,25,female
878,"Ivanoff, Mr Konio",3rd,NA,male
879,"Jansen, Mr Carl Olof",3rd,27,male
880,"Jardin, Mr Jose Netto",3rd,NA,male
881,"Jensen, Miss Carla Christine",3rd,19,female
882,"Jensen, Mr Hans Peder",3rd,20,male
883,"Jensen, Mr Niels Peder",3rd,48,male
884,"Jensen, Mr Svend Lauritz",3rd,17,male
885,"Jermyn, Miss Annie",3rd,NA,female
886,"Johannesen-Bratthammer, Mr Bernt",3rd,NA,male
887,"Johanson, Mr Jakob Alfred",3rd,34,male
888,"Johansson, Mr Erik",3rd,22,male
889,"Johansson, Mr Gustaff Joel",3rd,33,male
890,"Johansson, Mr Karl Johan",3rd,32,male
891,"Johansson, Mr Nils",3rd,29,male
892,"Johansson, Oscar L",3rd,26,male
893,"Johnson, Mr Alfred",3rd,49,male
894,"Johnson, Miss Eleanor Ileen",3rd,1,female
895,"Johnson, Mr Malkolm Joackim",3rd,33,male
896,"Johnson, Master Harold Theodor",3rd,4,male
897,"Johnson, Mrs Oscar W",3rd,24,female
898,"Johnson, Mr William Cahoone Jr",3rd,19,male
899,"Johnston, Mr Andrew G",3rd,NA,male
900,"Johnston, Mrs Andrew G",3rd,NA,female
901,"Johnston, Miss Catherine H",3rd,NA,female
902,"Johnston, Master William A",3rd,NA,male
903,"Jonkoff, Mr Lazor",3rd,NA,male
904,"Jonsson, Mr Carl",3rd,32,male
905,"Jonsson, Nils Hilding",3rd,27,male
906,"Jussila, Miss Aina Maria",3rd,21,female
907,"Jussila, Mr Erik",3rd,32,male
908,"Jussila, Miss Katriina",3rd,20,female
909,"Kallio, Mr Nikolai Erland",3rd,17,male
910,"Kalvig, Mr Johannes K Halverson",3rd,21,male
911,"Karajic, Mr Milan",3rd,30,male
912,"Karlsson, Mr Einar Gervasius",3rd,21,male
913,"Karlsson, Mr Julius Konrad Eugen",3rd,23,male
914,"Karlsson, Mr Nils August",3rd,22,male
915,"Karun, Miss Anna Mary",3rd,4,female
916,"Karun, Mr Franz",3rd,39,male
917,"Kassem, Mr Fared",3rd,NA,male
918,"Keane, Mr Andrew",3rd,20,male
919,"Keefe, Mr Arthur",3rd,NA,male
920,"Kekic, Mr Tido",3rd,NA,male
921,"Kelly, Miss Anna Kate",3rd,21,female
922,"Kelly, Mr James",3rd,44,male
923,"Kelly, Mr James",3rd,42,male
924,"Kelly, Miss Mary",3rd,21,female
925,"Kennedy, Mr John",3rd,24,male
926,"Khalil, Mr Betros",3rd,NA,male
927,"Khalil, Mrs Betros",3rd,NA,female
928,"Khalil, Mr Saad",3rd,NA,male
929,"Kiernan, Mr John",3rd,25,male
930,"Kiernan, Mr Philip",3rd,22,male
931,"Kilgannon, Mr Thomas",3rd,22,male
932,"Kink, Mr Anton",3rd,39,male
933,"Kink, Mrs Anton (Louise Heilmann)",3rd,26,female
934,"Kink, Miss Louise Gretchen",3rd,4,female
935,"Kink, Miss Maria",3rd,22,female
936,"Kink, Mr Vincenz",3rd,26,male
937,"Klasen, Miss Gertrud Emilia",3rd,1.5,female
938,"Klasen, Mrs Hulda Kristina",3rd,36,female
939,"Klasen, Mr Klas Albin",3rd,18,male
940,"Kraeff, Mr Theodor",3rd,NA,male
941,"Krekorian, Mr Neshan",3rd,25,male
942,"Lahowd, Mr Sarkis",3rd,NA,male
943,"Laitinen, Miss Kritina Sofia",3rd,37,female
944,"Laleff, Mr Kristo",3rd,NA,male
945,"Lam, Mr Ali",3rd,NA,male
946,"Lam, Mr Len",3rd,NA,male
947,"Landegren, Miss Aurora Adelia",3rd,22,female
948,"Lane, Mr Patrick",3rd,20,male
949,"Lang, Mr Fang",3rd,26,male
950,"Larsson, Mr August Viktor",3rd,29,male
951,"Larsson, Mr Bengt Edvin",3rd,29,male
952,"Larsson-Rondberg, Mr Edvard",3rd,22,male
953,"Leeni, Mr Fahim",3rd,NA,male
954,"Lefebre, Mrs Frank",3rd,NA,female
955,"Lefebre, Master Henry",3rd,NA,male
956,"Lefebre, Miss Ida",3rd,NA,female
957,"Lefebre, Miss Jeannie",3rd,NA,female
958,"Lefebre, Miss Mathilde",3rd,NA,female
959,"Leinonen, Mr Antti Gustaf",3rd,32,male
960,"Lemberopolous, Mr Peter L",3rd,NA,male
961,"Lemom, Mr Denis",3rd,21,male
962,"Lemon, Miss Mary",3rd,21,female
963,"Leonard, Mr Lionel",3rd,36,male
964,"Lester, Mr James",3rd,39,male
965,"Lindahl, Miss Agda V",3rd,25,female
966,"Lindblom, Miss Augusta Charlotta",3rd,45,female
967,"Lindell, Mr Edvard Bengtsson",3rd,36,male
968,"Lindell, Mrs Edvard Bengtsson",3rd,30,female
969,"Lindqvist, Eino William",3rd,20,male
970,"Linehan, Mr Michael",3rd,NA,male
971,"Ling, Mr Lee",3rd,NA,male
972,"Lithman, Mr Simon",3rd,NA,male
973,"Lobb, Mr William Arthur",3rd,NA,male
974,"Lobb, Mrs William Arthur",3rd,NA,female
975,"Lockyer, Mr Edward",3rd,NA,male
976,"Lovell, Mr John",3rd,NA,male
977,"Lulich, Mr Nicola",3rd,NA,male
978,"Lundahl, Mr Johan",3rd,NA,male
979,"Lundin, Miss Olga Elida",3rd,NA,female
980,"Lundstrom, Mr Thure Edvin",3rd,NA,male
981,"Lyntakoff, Mr Stanko",3rd,NA,male
982,"MacKay, Mr George William",3rd,NA,male
983,"Madigan, Miss Margaret",3rd,NA,female
984,"Madsen, Mr Frithiof",3rd,NA,male
985,"Maenpaa, Mr Matti Alexanteri",3rd,NA,male
986,"Mahon, Miss Delia",3rd,NA,female
987,"Maisner, Mr Simon",3rd,NA,male
988,"Makinen, Mr Kalle Edvard",3rd,NA,male
989,"Mamee, Mr Hanna",3rd,NA,male
990,"Mangan, Miss Mary",3rd,NA,female
991,"Mannion, Miss Margareth",3rd,NA,female
992,"Mansour, Mr Hanna",3rd,NA,male
993,"Mardirosian, Mr Sarkis",3rd,NA,male
994,"Marinko, Mr Dmitri",3rd,NA,male
995,"Markim, Mr Johann",3rd,NA,male
996,"Markoff, Mr Marin",3rd,NA,male
997,"Masselmany, Mrs Fatima",3rd,NA,female
998,"Matinoff, Mr Nicola",3rd,NA,male
999,"McCarthy, Miss Katie",3rd,NA,female
1000,"McCormack, Mr Thomas J",3rd,NA,male
1001,"McCoy, Miss Agnes",3rd,NA,female
1002,"McCoy, Miss Alice",3rd,NA,female
1003,"McCoy, Mr Bernard",3rd,NA,male
1004,"McDermott, Miss Delia",3rd,NA,female
1005,"McElroy, Mr Michael",3rd,NA,male
1006,"McGovern, Mrs Hugh",3rd,NA,female
1007,"McGowan, Miss Anna",3rd,NA,female
1008,"McGowan, Miss Katherine",3rd,NA,female
1009,"McMahon, Mr Martin",3rd,NA,male
1010,"McNamee, Mr Neal",3rd,NA,male
1011,"McNamee, Mrs Neal",3rd,NA,female
1012,"Meanwell, Miss Marion Ogden",3rd,NA,female
1013,"Mechen, Mr John",3rd,NA,male
1014,"Meek, Mrs Thomas",3rd,NA,female
1015,"Melkebuk, Mrs Philemon",3rd,23,female
1016,"Meo, Mr Alfonso",3rd,NA,male
1017,"Midtsjo, Mr Karl Albert",3rd,NA,male
1018,"Mihoff, Mr Stoytcho",3rd,NA,male
1019,"Miles, Mr Frank",3rd,NA,male
1020,"Mineff, Mr Ivan",3rd,NA,male
1021,"Minkoff, Mr Lazar",3rd,NA,male
1022,"Mirko, Mr Dika",3rd,NA,male
1023,"Mitkoff, Mr Mito",3rd,NA,male
1024,"Mocklare, Miss Helen Mary",3rd,NA,female
1025,"Moen, Mr Sigurd H",3rd,NA,male
1026,"Moor, Mrs Beila",3rd,NA,female
1027,"Moor, Master Meier",3rd,NA,male
1028,"Moore, Mr Leonard Charles",3rd,NA,male
1029,"Moran, Miss Bertha",3rd,NA,female
1030,"Moran, Mr Daniel J",3rd,NA,male
1031,"Moran, Mr James",3rd,NA,male
1032,"Morley, Mr Henry Samuel",3rd,NA,male
1033,"Morrow, Mr Thomas Rowan",3rd,NA,male
1034,"Moubarek (Borak), Mr Hanna (John)",3rd,NA,male
1035,"Moubarek, Mrs George",3rd,NA,female
1036,"Moubarek, Master George",3rd,NA,male
1037,"Moubarek, Master William George",3rd,NA,male
1038,"Moss, Albert Johan",3rd,NA,male
1039,"Moussa, Mrs Mantoura Baloics",3rd,NA,female
1040,"Moutal, Mr Rahamin",3rd,NA,male
1041,"Mullins, Miss Katie",3rd,NA,female
1042,"Mulvihill, Miss Bertha E",3rd,NA,female
1043,"Murdlin, Mr Joseph",3rd,NA,male
1044,"Murphy, Miss Katherine",3rd,NA,female
1045,"Murphy, Miss Margaret",3rd,NA,female
1046,"Murphy, Miss Nora",3rd,NA,female
1047,"Myhrman, Mr Pehr Fabian Oliver Malkolm",3rd,NA,male
1048,"Nackid, Miss Maria",3rd,NA,female
1049,"Nackid, Mr Said",3rd,NA,male
1050,"Nackid, Mrs Said",3rd,NA,female
1051,"Nahill, Mr Toufik",3rd,NA,male
1052,"Naidenoff, Mr Penko",3rd,NA,male
1053,"Nancarrow, W H",3rd,NA,male
1054,"Niklasen, Sander",3rd,NA,male
1055,"Nosworthy, Richard C",3rd,NA,male
1056,"Najib, Miss Adele Kiamie",3rd,NA,female
1057,"Nancarrow, Mr William Henry",3rd,NA,male
1058,"Nankoff, Mr Minko",3rd,NA,male
1059,"Nasr, Mr Mustafa",3rd,NA,male
1060,"Nassr, Mr Saade Jean",3rd,NA,male
1061,"Naughton, Miss Hannah",3rd,NA,female
1062,"Nemaugh, Mr Robert",3rd,NA,male
1063,"Nenkoff, Mr Christo",3rd,NA,male
1064,"Nicola-Yarred, Miss Jamila",3rd,NA,female
1065,"Nicola-Yarred, Master Elias",3rd,NA,male
1066,"Nieminen, Miss Manta Josefina",3rd,NA,female
1067,"Niklasson, Mr Samuel",3rd,NA,male
1068,"Nilsson, Mr August Ferdinand",3rd,NA,male
1069,"Nilsson, Miss Berta Olivia",3rd,NA,female
1070,"Nilsson, Miss Helmina Josefina",3rd,NA,female
1071,"Niskanen, Mr Johan",3rd,NA,male
1072,"Nosworthy, Mr Richard Cater",3rd,NA,male
1073,"Novel, Mansouer",3rd,NA,male
1074,"Nysten, Miss Anna",3rd,NA,female
1075,"Nysveen, Mr Johan H",3rd,NA,male
1076,"O'Brien, Mr Denis",3rd,NA,male
1077,"O'Brien, Mr Thomas",3rd,NA,male
1078,"O'Brien, Mrs Thomas",3rd,NA,female
1079,"O'Connell, Mr Patrick D",3rd,NA,male
1080,"O'Connor, Mr Maurice",3rd,NA,male
1081,"O'Connor, Mr Patrick",3rd,NA,male
1082,"Odahl, Mr Nils Martin",3rd,NA,male
1083,"O'Dwyer, Miss Nellie",3rd,NA,female
1084,"Ohman, Miss Velin",3rd,NA,female
1085,"O'Keefe, Mr Patrick",3rd,NA,male
1086,"OLeary, Miss Norah",3rd,NA,female
1087,"Olsen, Master Arthur",3rd,NA,male
1088,"Olsen, Mr Charlie (Carl)",3rd,NA,male
1089,"Olsen, Mr Henry Margido",3rd,NA,male
1090,"Olsen, Mr Ole M",3rd,NA,male
1091,"Olsson, Miss Elida",3rd,NA,female
1092,"Olsson, Mr Nils Johan",3rd,NA,male
1093,"Olsson, Mr Oscar Johansson",3rd,NA,male
1094,"O'Neill, Miss Bridget",3rd,NA,female
1095,"Oreskovic, Mr Jeko",3rd,NA,male
1096,"Oreskovic, Mr Luka",3rd,NA,male
1097,"Oreskovic, Mr Maria",3rd,NA,male
1098,"Osen, Mr Olof Elon",3rd,NA,male
1099,"Osman, Miss Maria",3rd,NA,female
1100,"O'Sullivan, Miss Bridget",3rd,NA,female
1101,"Panula, Mr Ernesti Arvid",3rd,NA,male
1102,"Panula, Mr Jaako Arnold",3rd,NA,male
1103,"Panula, Master Juha Niilo",3rd,NA,male
1104,"Panula, Mrs John",3rd,NA,female
1105,"Panula, Master Urho Abraham",3rd,NA,male
1106,"Panula, Master William",3rd,NA,male
1107,"Pasic, Mr Jakob",3rd,NA,male
1108,"Paulner, Mr Uscher",3rd,NA,male
1109,"Paulsson, Master Gosta Leonard",3rd,NA,male
1110,"Paulsson, Mrs Nils",3rd,NA,female
1111,"Paulsson, Master Paul Folke",3rd,NA,male
1112,"Paulsson, Miss Stina Viola",3rd,NA,female
1113,"Paulsson, Miss Torborg Danira",3rd,NA,female
1114,"Pavlovic, Mr Stefo",3rd,NA,male
1115,"Peacock, Master Alfred Edward",3rd,NA,male
1116,"Peacock, Mrs Benjamin",3rd,NA,female
1117,"Peacock, Miss Treasteall",3rd,NA,female
1118,"Pearce, Mr Ernest",3rd,NA,male
1119,"Pecruic, Mr Mate",3rd,NA,male
1120,"Pecruic, Mr Tome",3rd,NA,male
1121,"Pedersen, Mr Olaf",3rd,NA,male
1122,"Peduzzi, Mr Joseph",3rd,NA,male
1123,"Pekoniemi, Mr Edvard",3rd,NA,male
1124,"Peltomaki, Nikolai Johannes",3rd,NA,male
1125,"Perkin, Mr John Henry",3rd,NA,male
1126,"Persson, Mr Ernst Ulrik",3rd,NA,male
1127,"Peter (Joseph), Miss Mary",3rd,NA,female
1128,"Peter (Joseph), Mrs Catherine",3rd,NA,female
1129,"Peter (Joseph), Master Michael J",3rd,NA,male
1130,"Peters, Miss Katie",3rd,NA,female
1131,"Petersen, Mr Marius",3rd,NA,male
1132,"Petranec, Miss Matilda",3rd,NA,female
1133,"Petroff, Mr Nedeca",3rd,NA,male
1134,"Petroff, Mr Pentcho",3rd,NA,male
1135,"Pettersson, Miss Ellen Natalia",3rd,NA,female
1136,"Peterson, Mr Johan Emil",3rd,NA,male
1137,"Pickard (Trembisky), Mr Berk",3rd,NA,male
1138,"Plotcharsky, Mr Vasil",3rd,NA,male
1139,"Potchett, Mr George",3rd,NA,male
1140,"Radeff, Mr Alexander",3rd,NA,male
1141,"Raibid, Mr Razi",3rd,NA,male
1142,"Reed, Mr James George",3rd,NA,male
1143,"Reynolds, Mr Harold",3rd,NA,male
1144,"Rice, Master Albert",3rd,NA,male
1145,"Rice, Master Arthur",3rd,NA,male
1146,"Rice, Master George",3rd,NA,male
1147,"Rice, Master Eric",3rd,NA,male
1148,"Rice, Master Eugene",3rd,NA,male
1149,"Rice, Mrs William",3rd,NA,female
1150,"Riihiivouri, Miss Sanni",3rd,NA,female
1151,"Rintamaki, Mr Matti",3rd,NA,male
1152,"Riordan, Miss Hannah",3rd,NA,female
1153,"Risien, Mr Samuel",3rd,NA,male
1154,"Risien, Mrs Samuel",3rd,NA,female
1155,"Robins, Mr Alexander A",3rd,NA,male
1156,"Robins, Mrs Alexander A",3rd,NA,female
1157,"Rommetvedt, Mr Karl Kristian Knut",3rd,NA,male
1158,"Rogers, Mr William John",3rd,NA,male
1159,"Rosblom, Mrs Viktor",3rd,NA,female
1160,"Rosblom, Miss Salli Helena",3rd,NA,female
1161,"Rosblom, Mr Viktor Rickard",3rd,NA,male
1162,"Roth, Miss Sarah",3rd,NA,female
1163,"Rouse, Mr Richard Henry",3rd,NA,male
1164,"Rush, Mr Alfred George John",3rd,NA,male
1165,"Ryan, Mr Edward Ryan",3rd,NA,male
1166,"Ryan, Mr Patrick",3rd,NA,male
1167,"Saad, Mr Amin",3rd,NA,male
1168,"Saad, Khalil",3rd,NA,male
1169,"Sadlier, Mr Matthew",3rd,NA,male
1170,"Sadowitz, Mr Harry",3rd,NA,male
1171,"Sage, Miss Ada",3rd,NA,female
1172,"Sage, Miss Constance",3rd,NA,female
1173,"Sage, Miss Dorothy",3rd,NA,female
1174,"Sage, Mr Douglas",3rd,NA,male
1175,"Sage, Mr Frederick",3rd,NA,male
1176,"Sage, Mr George",3rd,NA,male
1177,"Sage, Mr John",3rd,NA,male
1178,"Sage, Mrs John",3rd,NA,female
1179,"Sage, Miss Stella",3rd,NA,female
1180,"Sage, Thomas (child)",3rd,NA,male
1181,"Sage, Master William",3rd,NA,male
1182,"Salander, Mr Karl Johan",3rd,21,male
1183,"Salkjelsvik, Miss Anna",3rd,NA,female
1184,"Salonen, Mr Johan Werner",3rd,NA,male
1185,"Samaan, Mr Elias",3rd,NA,male
1186,"Samaan, Mr Hanna",3rd,NA,male
1187,"Samaan, Mr Youssef",3rd,NA,male
1188,"Sandstrom, Miss Hjalmar",3rd,NA,female
1189,"Sandstrom, Miss Beatrice Irene",3rd,1.5,female
1190,"Sandstrom, Miss Marguerite Rut",3rd,NA,female
1191,"Sather, Simon Sivertsen",3rd,NA,male
1192,"Saundercock, William Henry",3rd,NA,male
1193,"Sawyer, Mr Frederick",3rd,NA,male
1194,"Scanlan, Mr James",3rd,NA,male
1195,"Sdycoff, Mr Todor",3rd,NA,male
1196,Seman Master Betros,3rd,NA,male
1197,"Serota, Mr Maurice",3rd,NA,male
1198,"Shaughnesay, Mr Patrick",3rd,NA,male
1199,"Shedid (Sitik), Mr Daher (Docart)",3rd,NA,male
1200,"Sheerlinck, Mr Jean",3rd,NA,male
1201,"Shellard, Mr Frederick B",3rd,NA,male
1202,"Shine, Miss Ellen",3rd,NA,female
1203,"Shorney, Mr Charles",3rd,NA,male
1204,"Simmons, Mr John",3rd,NA,male
1205,"Sirayanian, Mr Arsun",3rd,NA,male
1206,"Sivic, Mr Husen",3rd,NA,male
1207,"Sivola, Mr Antti",3rd,NA,male
1208,"Sjoblom, Miss Anna Sofia",3rd,NA,female
1209,"Sholt, Mr Peter Andreas Lauritz Andersen",3rd,NA,male
1210,"Skinner, Mr Henry John",3rd,NA,male
1211,"Skoog, Master Harald",3rd,NA,male
1212,"Skoog, Master Karl",3rd,NA,male
1213,"Skoog, Miss Mabel",3rd,NA,female
1214,"Skoog, Miss Margit",3rd,NA,female
1215,"Skoog, Mr William",3rd,NA,male
1216,"Skoog, Mrs William",3rd,NA,female
1217,"Slabenoff, Mr Petco",3rd,NA,male
1218,"Slocovski, Mr Selman",3rd,NA,male
1219,"Smiljanovic, Mr Mile",3rd,NA,male
1220,"Smyth, Miss Julia",3rd,NA,female
1221,"Solvang, Mrs Lena Jacobsen",3rd,NA,female
1222,"Somerton, Mr Francis William",3rd,NA,male
1223,"Sop, Mr Jules",3rd,NA,male
1224,"Spector, Mr Woolf",3rd,NA,male
1225,"Staneff, Mr Ivan",3rd,NA,male
1226,"Stankovic, Mr Jovan",3rd,NA,male
1227,"Stanley, Miss Amy Zilla Elsie",3rd,NA,female
1228,"Stanley, Mr Edward Roland",3rd,NA,male
1229,"Storey, Mr Thomas",3rd,NA,male
1230,"Stoyehoff, Mr Ilia",3rd,NA,male
1231,"Strandberg, Miss Ida Sofia",3rd,NA,female
1232,"Stranden, Mr Juho",3rd,NA,male
1233,"Strilic, Mr Ivan",3rd,NA,male
1234,"Strom, Mrs Wilhelm",3rd,NA,female
1235,"Strom, Miss Telma (Selma) Matilda",3rd,NA,female
1236,"Sunderland, Mr Victor Francis",3rd,NA,male
1237,"Sundman, Mr Johan Julian",3rd,NA,male
1238,"Sutehall, Mr Henry, Jr",3rd,NA,male
1239,"Svensson, Mr Johan",3rd,NA,male
1240,"Svensson, Mr Johan Cervin",3rd,NA,male
1241,"Svensson, Mr Olof",3rd,NA,male
1242,"Tannous, Mr Thomas",3rd,NA,male
1243,"Tenglin, Mr Gunnar Isidor",3rd,NA,male
1244,"Theobald, Mr Thomas Leonard",3rd,NA,male
1245,"Thomas, Mrs Alexander",3rd,NA,female
1246,"Thomas, Master Assad Alexander",3rd,NA,male
1247,"Thomas, Mr Charles",3rd,NA,male
1248,"Thomas, Mr John, Jr",3rd,NA,male
1249,"Thomas, Mr John (? 1st/2nd class)",3rd,NA,male
1250,"Thomson, Mr Alexander",3rd,NA,male
1251,"Thorneycroft, Mr Percival",3rd,NA,male
1252,"Thorneycroft, Mrs Percival",3rd,NA,female
1253,"Tikkanen, Mr Juho",3rd,NA,male
1254,"Tobin, Mr Roger",3rd,NA,male
1255,"Todoroff, Mr Lalio",3rd,NA,male
1256,"Toerber, Mr Ernest William",3rd,NA,male
1257,"Tomlin, Mr Ernest Portage",3rd,NA,male
1258,"Torfa, Mr Assad",3rd,NA,male
1259,"Tornquist, Mr William Henry",3rd,25,male
1260,"Touma (Thomas), Mrs Darwin",3rd,NA,female
1261,"Touma (Thomas), Master George",3rd,NA,male
1262,"Touma (Thomas), Miss Hannah",3rd,NA,female
1263,"Turcin, Mr Stefan",3rd,NA,male
1264,"Turja, Miss Anna Sofia",3rd,18,female
1265,"Turkula, Mrs Hedvig",3rd,63,female
1266,"Uzelas, Mr Joso",3rd,NA,male
1267,"Van Billiard, Mr Austin Blyler",3rd,NA,male
1268,"Van Billiard, Master James William",3rd,NA,male
1269,"Van Billiard, Master Walter John",3rd,NA,male
1270,"Van der Planke, Miss Augusta",3rd,18,female
1271,"Van der Planke, Mr Jules",3rd,31,male
1272,"Van der Planke, Mrs Jules",3rd,31,female
1273,"Van der Planke, Mr Leon",3rd,15,male
1274,"Van der Steen, Mr Leo Peter",3rd,28,male
1275,"Van de Velde, Mr John Joseph",3rd,36,male
1276,"Vandewalle, Mr Nestor Cyriel",3rd,28,male
1277,"Van Impe, Miss Catharine",3rd,10,female
1278,"Van Impe, Mr Jean Baptiste",3rd,36,male
1279,"Van Impe, Mrs Jean Baptiste",3rd,30,female
1280,"Vartunian, Mr David",3rd,22,male
1281,"Vassilios, Mr Catavelas",3rd,NA,male
1282,"Vendel, Mr Olof Wdvin",3rd,29,male
1283,"Vereruysse, Mr Victor",3rd,47,male
1284,"Vestrom, Miss Hulda Amanda Adolfina",3rd,14,female
1285,"Vonk, Mr Jenko",3rd,22,male
1286,"Ware, Mr Frederick",3rd,NA,male
1287,"Warren, Mr Charles William",3rd,NA,male
1288,"Wazli, Mr Yousif",3rd,NA,male
1289,"Webber, Mr James",3rd,NA,male
1290,"Wennerstrom, Mr August Edvard",3rd,NA,male
1291,"Wenzel, Mr Linhart",3rd,NA,male
1292,"Widegren, Mr Charles Peter",3rd,51,male
1293,"Wiklund, Mr Jacob Alfred",3rd,18,male
1294,"Wilkes, Mrs Ellen",3rd,45,female
1295,"Willer, Mr Aaron",3rd,NA,male
1296,"Willey, Mr Edward",3rd,NA,male
1297,"Williams, Mr Howard Hugh",3rd,NA,male
1298,"Williams, Mr Leslie",3rd,28,male
1299,"Windelov, Mr Einar",3rd,21,male
1300,"Wirz, Mr Albert",3rd,27,male
1301,"Wiseman, Mr Phillippe",3rd,NA,male
1302,"Wittevrongel, Mr Camiel",3rd,36,male
1303,"Yalsevac, Mr Ivan",3rd,NA,male
1304,"Yasbeck, Mr Antoni",3rd,27,male
1305,"Yasbeck, Mrs Antoni",3rd,15,female
1306,"Youssef, Mr Gerios",3rd,NA,male
1307,"Zabour, Miss Hileni",3rd,NA,female
1308,"Zabour, Miss Tamini",3rd,NA,female
1309,"Zakarian, Mr Artun",3rd,27,male
1310,"Zakarian, Mr Maprieder",3rd,26,male
1311,"Zenni, Mr Philip",3rd,22,male
1312,"Lievens, Mr Rene",3rd,24,male
1313,"Zimmerman, Leo",3rd,29,male
